<?xml version="1.0" encoding="UTF-8"?>
<!-- Generated by eXe - http://exelearning.net -->
<manifest identifier="eXeQUEMADURA62cdd05328bbcca4171" xmlns="http://www.imsproject.org/xsd/imscp_rootv1p1p2" xmlns:adlcp="http://www.adlnet.org/xsd/adlcp_rootv1p2" xmlns:imsmd="http://www.imsglobal.org/xsd/imsmd_v1p2" xmlns:xsi="http://www.w3.org/2001/XMLSchema-instance" xsi:schemaLocation="http://www.imsproject.org/xsd/imscp_rootv1p1p2 imscp_rootv1p1p2.xsd http://www.imsglobal.org/xsd/imsmd_rootv1p2p1 imsmd_rootv1p2p1.xsd http://www.adlnet.org/xsd/adlcp_rootv1p2 adlcp_rootv1p2.xsd" > 
<metadata> 
 <schema>ADL SCORM</schema> 
 <schemaversion>1.2</schemaversion> 
 <adlcp:location>imslrm.xml</adlcp:location> 
</metadata> 
<organizations default="eXeQUEMADURA62cdd05328bbcca4172">  
    <organization identifier="eXeQUEMADURA62cdd05328bbcca4172" structure="hierarchical">
        <title>Quemaduras</title>
<item identifier="ITEM-eXeQUEMADURA62cdd05328bbcca4173" isvisible="true" identifierref="RES-eXeQUEMADURA62cdd05328bbcca4174">
    <title>Módulo 7: Emergencias en quemaduras</title>
<item identifier="ITEM-eXeQUEMADURA62cdd05328bbcca4185" isvisible="true" identifierref="RES-eXeQUEMADURA62cdd05328bbcca4186">
    <title>Objetivo del módulo</title>
</item>
<item identifier="ITEM-eXeQUEMADURA62cdd05328bbcca4187" isvisible="true" identifierref="RES-eXeQUEMADURA62cdd05328bbcca4188">
    <title>Unidad 22: Primeros auxilios ante una quemadura</title>
</item>
<item identifier="ITEM-eXeQUEMADURA62cdd05328bbcca4199" isvisible="true" identifierref="RES-eXeQUEMADURA62cdd05328bbcca419a">
    <title>Unidad 23: Evaluar la Gravedad de la Quemadura</title>
<item identifier="ITEM-eXeQUEMADURA62cdd05328bbcca419b" isvisible="true" identifierref="RES-eXeQUEMADURA62cdd05328bbcca419c">
    <title>Artículo</title>
</item>
<item identifier="ITEM-eXeQUEMADURA62cdd05328bbcca419d" isvisible="true" identifierref="RES-eXeQUEMADURA62cdd05328bbcca419e">
    <title>Juego</title>
</item>
</item>
<item identifier="ITEM-eXeQUEMADURA62cdd05328bbcca419f" isvisible="true" identifierref="RES-eXeQUEMADURA62cdd05328bbcca41910">
    <title>Unidad 24: Quemaduras de Primer Grado:</title>
<item identifier="ITEM-eXeQUEMADURA62cdd05328bbcca41a11" isvisible="true" identifierref="RES-eXeQUEMADURA62cdd05328bbcca41a12">
    <title>Video interactivo</title>
</item>
<item identifier="ITEM-eXeQUEMADURA62cdd05328bbcca41a13" isvisible="true" identifierref="RES-eXeQUEMADURA62cdd05328bbcca41a14">
    <title>Atención de quemadura de primer grado</title>
</item>
<item identifier="ITEM-eXeQUEMADURA62cdd05328bbcca41a15" isvisible="true" identifierref="RES-eXeQUEMADURA62cdd05328bbcca41a16">
    <title>Evaluación</title>
</item>
</item>
<item identifier="ITEM-eXeQUEMADURA62cdd05328bbcca41a17" isvisible="true" identifierref="RES-eXeQUEMADURA62cdd05328bbcca41a18">
    <title>Unidad 25: Quemaduras de Segundo Grado</title>
<item identifier="ITEM-eXeQUEMADURA62cdd05328bbcca41a19" isvisible="true" identifierref="RES-eXeQUEMADURA62cdd05328bbcca41a1a">
    <title>Video Interactivo</title>
</item>
<item identifier="ITEM-eXeQUEMADURA62cdd05328bbcca41b1b" isvisible="true" identifierref="RES-eXeQUEMADURA62cdd05328bbcca41b1c">
    <title>Práctica</title>
</item>
<item identifier="ITEM-eXeQUEMADURA62cdd05328bbcca41b1d" isvisible="true" identifierref="RES-eXeQUEMADURA62cdd05328bbcca41b1e">
    <title>Evaluación</title>
</item>
</item>
<item identifier="ITEM-eXeQUEMADURA62cdd05328bbcca41b1f" isvisible="true" identifierref="RES-eXeQUEMADURA62cdd05328bbcca41b20">
    <title>Unidad 26: Quemaduras de Tercer Grado</title>
<item identifier="ITEM-eXeQUEMADURA62cdd05328bbcca41b21" isvisible="true" identifierref="RES-eXeQUEMADURA62cdd05328bbcca41b22">
    <title>Video interactivo</title>
</item>
<item identifier="ITEM-eXeQUEMADURA62cdd05328bbcca41b23" isvisible="true" identifierref="RES-eXeQUEMADURA62cdd05328bbcca41b24">
    <title>Práctica</title>
</item>
<item identifier="ITEM-eXeQUEMADURA62cdd05328bbcca41c25" isvisible="true" identifierref="RES-eXeQUEMADURA62cdd05328bbcca41c26">
    <title>Evaluación</title>
</item>
</item>
<item identifier="ITEM-eXeQUEMADURA62cdd05328bbcca41c27" isvisible="true" identifierref="RES-eXeQUEMADURA62cdd05328bbcca41c28">
    <title>EVALUACIÓN FINAL DEL MÓDULO</title>
    <adlcp:masteryscore>30</adlcp:masteryscore>
</item>
</item>
  </organization>
</organizations>
<resources>
  <resource identifier="RES-eXeQUEMADURA62cdd05328bbcca4174" type="webcontent" adlcp:scormtype="sco" href="index.html"> 
    <file href="index.html"/> 
    <file href="exe_html5.js"/>
    <file href="20250603_1730_image.png"/>
    <dependency identifierref="COMMON_FILES"/>
  </resource>
  <resource identifier="RES-eXeQUEMADURA62cdd05328bbcca4186" type="webcontent" adlcp:scormtype="sco" href="objetivo_del_mdulo.html"> 
    <file href="objetivo_del_mdulo.html"/> 
    <file href="exe_html5.js"/>
    <file href="exe_tooltips.js"/>
    <file href="jquery.qtip.min.js"/>
    <file href="imagesloaded.pkg.min.js"/>
    <file href="jquery.qtip.min.css"/>
    <dependency identifierref="COMMON_FILES"/>
  </resource>
  <resource identifier="RES-eXeQUEMADURA62cdd05328bbcca4188" type="webcontent" adlcp:scormtype="sco" href="unidad_22_primeros_auxilios_ante_una_quemadura.html"> 
    <file href="unidad_22_primeros_auxilios_ante_una_quemadura.html"/> 
    <file href="exe_html5.js"/>
    <file href="468345929_1695274321032483_3635138329503979010_n.jpg"/>
    <file href="exe_tooltips.js"/>
    <file href="jquery.qtip.min.js"/>
    <file href="imagesloaded.pkg.min.js"/>
    <file href="jquery.qtip.min.css"/>
    <file href="interactive-video-bg.gif"/>
    <file href="interactive-video-less.gif"/>
    <file href="interactive-video-loading.gif"/>
    <file href="interactive-video-more.gif"/>
    <file href="interactive-video-sorter.png"/>
    <file href="interactive-video.css"/>
    <file href="interactive-video.js"/>
    <dependency identifierref="COMMON_FILES"/>
  </resource>
  <resource identifier="RES-eXeQUEMADURA62cdd05328bbcca419a" type="webcontent" adlcp:scormtype="sco" href="unidad_23_evaluar_la_gravedad_de_la_quemadura.html"> 
    <file href="unidad_23_evaluar_la_gravedad_de_la_quemadura.html"/> 
    <file href="exe_html5.js"/>
    <file href="exe_effects.js"/>
    <file href="exe_effects.css"/>
    <dependency identifierref="COMMON_FILES"/>
  </resource>
  <resource identifier="RES-eXeQUEMADURA62cdd05328bbcca419c" type="webcontent" adlcp:scormtype="sco" href="artculo.html"> 
    <file href="artculo.html"/> 
    <file href="exe_html5.js"/>
    <dependency identifierref="COMMON_FILES"/>
  </resource>
  <resource identifier="RES-eXeQUEMADURA62cdd05328bbcca419e" type="webcontent" adlcp:scormtype="sco" href="juego.html"> 
    <file href="juego.html"/> 
    <file href="exe_html5.js"/>
    <file href="1134-928X-geroko-32-04-263-gf1.jpg"/>
    <file href="exequextaudio.png"/>
    <file href="exequextcursor.gif"/>
    <file href="exequextfirstr.png"/>
    <file href="exequextfull.png"/>
    <file href="exequexthits.png"/>
    <file href="exequextlastr.png"/>
    <file href="exequextlive.png"/>
    <file href="exequextlost.png"/>
    <file href="exequextmin.png"/>
    <file href="exequextmoveon.png"/>
    <file href="exequextnextr.png"/>
    <file href="exequextnormal.png"/>
    <file href="exequextnumber.png"/>
    <file href="exequextone.png"/>
    <file href="exequextpause.png"/>
    <file href="exequextplayvideo.png"/>
    <file href="exequextpreviousr.png"/>
    <file href="exequextreload.png"/>
    <file href="exequextreply.png"/>
    <file href="exequextrerrors.png"/>
    <file href="exequextroscomin.png"/>
    <file href="exequextscore.png"/>
    <file href="exequextsq.png"/>
    <file href="exequexttime.png"/>
    <file href="exequexttwo.png"/>
    <file href="exequextvideo.png"/>
    <file href="exequextwon.png"/>
    <file href="gameqp-activity.css"/>
    <file href="quext-activity.js"/>
    <file href="quextHome.png"/>
    <file href="quextIcon.png"/>
    <dependency identifierref="COMMON_FILES"/>
  </resource>
  <resource identifier="RES-eXeQUEMADURA62cdd05328bbcca41910" type="webcontent" adlcp:scormtype="sco" href="unidad_24_quemaduras_de_primer_grado.html"> 
    <file href="unidad_24_quemaduras_de_primer_grado.html"/> 
    <file href="exe_html5.js"/>
    <file href="exe_effects.js"/>
    <file href="exe_effects.css"/>
    <dependency identifierref="COMMON_FILES"/>
  </resource>
  <resource identifier="RES-eXeQUEMADURA62cdd05328bbcca41a12" type="webcontent" adlcp:scormtype="sco" href="video_interactivo.html"> 
    <file href="video_interactivo.html"/> 
    <file href="exe_html5.js"/>
    <file href="interactive-video-bg.gif"/>
    <file href="interactive-video-less.gif"/>
    <file href="interactive-video-loading.gif"/>
    <file href="interactive-video-more.gif"/>
    <file href="interactive-video-sorter.png"/>
    <file href="interactive-video.css"/>
    <file href="interactive-video.js"/>
    <dependency identifierref="COMMON_FILES"/>
  </resource>
  <resource identifier="RES-eXeQUEMADURA62cdd05328bbcca41a14" type="webcontent" adlcp:scormtype="sco" href="atencin_de_quemadura_de_primer_grado.html"> 
    <file href="atencin_de_quemadura_de_primer_grado.html"/> 
    <file href="exe_html5.js"/>
    <dependency identifierref="COMMON_FILES"/>
  </resource>
  <resource identifier="RES-eXeQUEMADURA62cdd05328bbcca41a16" type="webcontent" adlcp:scormtype="sco" href="evaluacin.html"> 
    <file href="evaluacin.html"/> 
    <file href="exe_html5.js"/>
    <file href="exe-rubrics.css"/>
    <file href="exe-rubrics.js"/>
    <dependency identifierref="COMMON_FILES"/>
  </resource>
  <resource identifier="RES-eXeQUEMADURA62cdd05328bbcca41a18" type="webcontent" adlcp:scormtype="sco" href="unidad_25_quemaduras_de_segundo_grado.html"> 
    <file href="unidad_25_quemaduras_de_segundo_grado.html"/> 
    <file href="exe_html5.js"/>
    <file href="exe_effects.js"/>
    <file href="exe_effects.css"/>
    <dependency identifierref="COMMON_FILES"/>
  </resource>
  <resource identifier="RES-eXeQUEMADURA62cdd05328bbcca41a1a" type="webcontent" adlcp:scormtype="sco" href="video_interactivo0.html"> 
    <file href="video_interactivo0.html"/> 
    <file href="exe_html5.js"/>
    <file href="interactive-video-bg.gif"/>
    <file href="interactive-video-less.gif"/>
    <file href="interactive-video-loading.gif"/>
    <file href="interactive-video-more.gif"/>
    <file href="interactive-video-sorter.png"/>
    <file href="interactive-video.css"/>
    <file href="interactive-video.js"/>
    <dependency identifierref="COMMON_FILES"/>
  </resource>
  <resource identifier="RES-eXeQUEMADURA62cdd05328bbcca41b1c" type="webcontent" adlcp:scormtype="sco" href="prctica.html"> 
    <file href="prctica.html"/> 
    <file href="exe_html5.js"/>
    <file href="common.js"/>
    <dependency identifierref="COMMON_FILES"/>
  </resource>
  <resource identifier="RES-eXeQUEMADURA62cdd05328bbcca41b1e" type="webcontent" adlcp:scormtype="sco" href="evaluacin0.html"> 
    <file href="evaluacin0.html"/> 
    <file href="exe_html5.js"/>
    <file href="exe-rubrics.css"/>
    <file href="exe-rubrics.js"/>
    <dependency identifierref="COMMON_FILES"/>
  </resource>
  <resource identifier="RES-eXeQUEMADURA62cdd05328bbcca41b20" type="webcontent" adlcp:scormtype="sco" href="unidad_26_quemaduras_de_tercer_grado.html"> 
    <file href="unidad_26_quemaduras_de_tercer_grado.html"/> 
    <file href="exe_html5.js"/>
    <file href="exe_effects.js"/>
    <file href="exe_effects.css"/>
    <dependency identifierref="COMMON_FILES"/>
  </resource>
  <resource identifier="RES-eXeQUEMADURA62cdd05328bbcca41b22" type="webcontent" adlcp:scormtype="sco" href="video_interactivo1.html"> 
    <file href="video_interactivo1.html"/> 
    <file href="exe_html5.js"/>
    <file href="interactive-video-bg.gif"/>
    <file href="interactive-video-less.gif"/>
    <file href="interactive-video-loading.gif"/>
    <file href="interactive-video-more.gif"/>
    <file href="interactive-video-sorter.png"/>
    <file href="interactive-video.css"/>
    <file href="interactive-video.js"/>
    <dependency identifierref="COMMON_FILES"/>
  </resource>
  <resource identifier="RES-eXeQUEMADURA62cdd05328bbcca41b24" type="webcontent" adlcp:scormtype="sco" href="prctica0.html"> 
    <file href="prctica0.html"/> 
    <file href="exe_html5.js"/>
    <file href="common.js"/>
    <dependency identifierref="COMMON_FILES"/>
  </resource>
  <resource identifier="RES-eXeQUEMADURA62cdd05328bbcca41c26" type="webcontent" adlcp:scormtype="sco" href="evaluacin1.html"> 
    <file href="evaluacin1.html"/> 
    <file href="exe_html5.js"/>
    <file href="exe-rubrics.css"/>
    <file href="exe-rubrics.js"/>
    <dependency identifierref="COMMON_FILES"/>
  </resource>
  <resource identifier="RES-eXeQUEMADURA62cdd05328bbcca41c28" type="webcontent" adlcp:scormtype="sco" href="evaluacin_final_del_mdulo.html"> 
    <file href="evaluacin_final_del_mdulo.html"/> 
    <file href="exe_html5.js"/>
    <file href="Imagen_12.jpg"/>
    <file href="Imagen_13.jpg"/>
    <file href="Imagen_11.jpg"/>
    <file href="panel-amusements.png"/>
    <file href="common.js"/>
    <file href="stock-stop.png"/>
    <file href="exequextaudio.png"/>
    <file href="exequextcursor.gif"/>
    <file href="exequextfull.png"/>
    <file href="exequexthits.png"/>
    <file href="exequextlive.png"/>
    <file href="exequextlost.png"/>
    <file href="exequextmin.png"/>
    <file href="exequextmoveon.png"/>
    <file href="exequextnormal.png"/>
    <file href="exequextnumber.png"/>
    <file href="exequextone.png"/>
    <file href="exequextpause.png"/>
    <file href="exequextplayvideo.png"/>
    <file href="exequextreload.png"/>
    <file href="exequextreply.png"/>
    <file href="exequextrerrors.png"/>
    <file href="exequextrosco.png"/>
    <file href="exequextroscomin.png"/>
    <file href="exequextroscorows.png"/>
    <file href="exequextscore.png"/>
    <file href="exequexttime.png"/>
    <file href="exequexttwo.png"/>
    <file href="exequextvideo.png"/>
    <file href="exequextwon.png"/>
    <file href="rosco-activity.css"/>
    <file href="rosco-activity.js"/>
    <file href="rosco-icon.png"/>
    <file href="roscoHome.png"/>
    <file href="roscoHomeImage.png"/>
    <dependency identifierref="COMMON_FILES"/>
  </resource>
  <resource identifier="COMMON_FILES" type="webcontent" adlcp:scormtype="asset">
    <file href="icon_udl_exp_mediacion.svg"/>
    <file href="icon_udl_exp_grupohomogeneo.svg"/>
    <file href="accesiblity_iconsDM.png"/>
    <file href="_escolares_nav_icons.png"/>
    <file href="icon_udl_eng_descargaN.svg"/>
    <file href="icon_udl_rep_informarseN.svg"/>
    <file href="icon_udl_eng_rubricaN.svg"/>
    <file href="icon_udl_exp_juego.svg"/>
    <file href="icon_udl_rep_importante.svg"/>
    <file href="icon_udl_rep_reproduccion.svg"/>
    <file href="icoLecturaSimplificada.png"/>
    <file href="atkinson.woff2"/>
    <file href="icon_udl_rep_conocerN.svg"/>
    <file href="boo.woff2"/>
    <file href="opendyslexic3.woff2"/>
    <file href="icon_udl_rep_lee.svg"/>
    <file href="icon_collapse_ideviceV.svg"/>
    <file href="icon_collapse_ideviceA.svg"/>
    <file href="atkinson.woff"/>
    <file href="icon_udl_exp_lee.svg"/>
    <file href="content.css"/>
    <file href="icon_udl_eng_temporalizacion.svg"/>
    <file href="icon_udl_exp_coproduccionoral.svg"/>
    <file href="icon_udl_eng_saber.svg"/>
    <file href="icon_udl_eng_rubrica.svg"/>
    <file href="accesiblity_icons.png"/>
    <file href="icon_udl_eng_rssN.svg"/>
    <file href="icon_udl_exp_lenguasignos.svg"/>
    <file href="icon_udl_rep_reflexion.svg"/>
    <file href="_escolares_left_column.gif"/>
    <file href="icon_udl_rep_fonetica.svg"/>
    <file href="icon_udl_exp_manipula.svg"/>
    <file href="icon_udl_eng_rss.svg"/>
    <file href="icon_udl_rep_galeria.svg"/>
    <file href="icon_udl_rep_lenguasignos.svg"/>
    <file href="_infantil_zoom_icons.png"/>
    <file href="OpenDyslexic.woff2"/>
    <file href="icon_udl_eng_objetivosN.svg"/>
    <file href="icon_udl_rep_adjunto.svg"/>
    <file href="icon_udl_eng_aprenderaprender.svg"/>
    <file href="nav.css"/>
    <file href="icon_udl_exp_graba.svg"/>
    <file href="icon_udl_rep_recomiendaN.svg"/>
    <file href="icon_udl_exp_grupoheterogeneo.svg"/>
    <file href="icon_udl_exp_musica.svg"/>
    <file href="icon_udl_rep_vocabulario.svg"/>
    <file href="_escolares_licenses.gif"/>
    <file href="icon_udl_exp_leeN.svg"/>
    <file href="icon_udl_exp_tareagrupal.svg"/>
    <file href="_escolares_logo.png"/>
    <file href="icon_udl_rep_casoN.svg"/>
    <file href="icoVisual.png"/>
    <file href="icon_udl_eng_descargaN.png"/>
    <file href="icon_udl_exp_coproducciontxt.svg"/>
    <file href="icon_udl_rep_caso.svg"/>
    <file href="config.xml"/>
    <file href="icon_udl_exp_habla.svg"/>
    <file href="README.md"/>
    <file href="icon_udl_rep_gramatica.svg"/>
    <file href="icon_udl_rep_nota.svg"/>
    <file href="icon_udl_rep_mediar.svg"/>
    <file href="icon_udl_exp_actividad.svg"/>
    <file href="exe.png"/>
    <file href="icon_udl_rep_ejemploN.svg"/>
    <file href="icon_udl_rep_recomienda.svg"/>
    <file href="crea.js"/>
    <file href="icon_udl_eng_orientaciones.svg"/>
    <file href="icon_udl_rep_destacado.svg"/>
    <file href="icon_udl_rep_apoyovisual.svg"/>
    <file href="_escolares_icons.png"/>
    <file href="icon_udl_exp_tarea.svg"/>
    <file href="icon_udl_eng_culturales.svg"/>
    <file href="icon_emociones.svg"/>
    <file href="icon_udl_rep_escucha.svg"/>
    <file href="icon_udl_exp_cuestionario.svg"/>
    <file href="icon_udl_eng_curiosidad.svg"/>
    <file href="icon_udl_rep_informarse.svg"/>
    <file href="icon_udl_rep_lecturafacil.svg"/>
    <file href="_escolares_nav_iconsDM.png"/>
    <file href="icon_udl_exp_canto.svg"/>
    <file href="icon_collapse_ideviceN.svg"/>
    <file href="icon_udl_rep_adjuntoN.svg"/>
    <file href="icon_udl_exp_interactivo.svg"/>
    <file href="_escolares_iconsDM.png"/>
    <file href="icon_udl_rep_redessemanticas.svg"/>
    <file href="icon_collapse_ideviceL.svg"/>
    <file href="icon_geogebra_icon.svg"/>
    <file href="icon_udl_eng_objetivos.svg"/>
    <file href="icon_udl_exp_escribe.svg"/>
    <file href="icon_udl_rep_conocer.svg"/>
    <file href="icon_udl_exp_ejercicio.svg"/>
    <file href="icon_udl_exp_actividadN.svg"/>
    <file href="icon_udl_exp_competenciadigital.svg"/>
    <file href="icon_udl_exp_practicamusical.svg"/>
    <file href="icon_udl_exp_debate.svg"/>
    <file href="OpenDyslexic.woff"/>
    <file href="icon_udl_rep_galeriaN.svg"/>
    <file href="icon_udl_eng_descarga.svg"/>
    <file href="_escolares_menu.gif"/>
    <file href="opendyslexic3.woff"/>
    <file href="boo.woff"/>
    <file href="icon_udl_eng_reto.svg"/>
    <file href="icon_udl_rep_ejemplo.svg"/>
    <file href="icon_udl_rep_reflexionN.svg"/>
    <file href="base.css"/>
    <file href="popup_bg.gif"/>
    <file href="SCORM_API_wrapper.js"/>
    <file href="SCOFunctions.js"/>
    <file href="common.js"/>
    <file href="common_i18n.js"/>
    <file href="exe_jquery.js"/>
    <file href="content.xsd"/>
    <file href="content.data"/>
    <file href="contentv3.xml"/>
    <file href="imslrm.xml"/>
  </resource>
</resources>
</manifest>
